条码,商品全名,规格,型号,商品陈列,装箱数量,总仓补货,和谐补货
6.928E+12,婴之侣旋转式冰箱安全扣,1个/盒,ID-S030,6,5,5,4
6.928E+12,婴之侣弹性防撞桌边,1/个,ID-S022,5,3,3,0
6.928E+12,婴之侣墙边防撞条,1/盒,ID-S016,5,0,0,1
6.928E+12,婴之侣婴幼儿安全床护栏,1个/盒,ID-S027,2,2,2,2
6.90005E+12,婴之侣咪咪兔光控小夜灯/弯耳朵,1/个,ID-S053,5,2,2,1
6.928E+12,婴之侣灏旨忧啃桶踩门卡,1/个,ID-S010A,5,0,0,1
6.928E+12,婴之侣迓杓忧啃桶踩门卡,1/个,ID-S010B,5,2,2,0
6.9527E+12,贝亲婴儿柔湿纸巾10p★,10抽/包,KA38(OAP12),20,25,25,36
6.93103E+12,贝亲奶瓶保温袋/绿色,1/个,GA06(OAL02),3,4,4,3
4.90251E+12,贝亲婴儿训练牙刷/1-3岁/绿色+黄色,2把/卡,10852,10,1,1,6
6.9527E+12,贝亲婴儿手口擦拭湿纸巾70p/无酒精/3联包,3包/组,PL145,10,17,17,2
6.93103E+12,贝亲单手便携大容量吸管杯/芒果黄,300ml/个,DA50,5,0,0,2
6.95212E+12,贝亲自然实感宽口奶嘴/L/Y孔/单个盒装★,1/个,BA60(OAH25),5,135,135,170
6.95212E+12,贝亲自然实感宽口PPSU奶瓶M/绿色,240ml/个,AA74(OAG34),6,3,3,1
4.90251E+12,贝亲海绵可洗粉扑,1/个,10030,8,4,4,2
6.93103E+12,贝亲儿童沐浴露/甜橙味,250ml/瓶,IA48(OAD02),8,9,9,1
6.93103E+12,贝亲儿童免洗喷雾/抑菌型,120ml/瓶,IA50(OAE01),8,9,9,3
6.93103E+12,贝亲婴儿抗菌洗衣粉,800g/袋,MA15(OAN11),8,14,14,8
6.93103E+12,贝亲婴儿抗菌洗衣粉,1500g/袋,MA14(OAN10),8,0,0,7
4.90251E+12,贝亲食物研磨器/进口,1/套,3040,4,8,8,5
4.90251E+12,贝亲婴幼儿用无纺布口罩,3/包,15020,5,4,4,1
6.9527E+12,贝亲迷你吸管杯/粉色,150ml/个,DA46,6,6,6,1
4.90251E+12,贝亲训练牙刷1段/绿色,1/把,10504,8,4,4,2
6.9527E+12,贝亲便携式两用奶粉盒/樱花粉,1/个,CA08,4,1,1,0
6.95212E+12,贝亲10周年纪念彩绘奶瓶/欢庆花火蓝色▲,1/套,PL151,,2,2,1
4.0086E+12,NUK超厚特柔婴儿湿纸巾三联包★,240片/包,40.272.702,4,36,36,33
4.0086E+12,NUK通气仿真乳胶奶嘴/中圆孔/0-6月,2只/卡,40.701.708,5,12,12,1
4.0086E+12,NUK宽口通气仿真乳胶奶嘴/中圆孔/6-18月,2只/卡,30.902.325,5,4,4,3
4.0086E+12,NUK印花硅胶安抚奶嘴王2号6-18月,1/个,40.735.707,5,2,2,2
4.0086E+12,NUK新宽口乳胶通气仿真奶嘴王+圆孔/0-6月,2个/卡,40.701.712,5,0,0,1
6.94753E+12,小白熊家用暖奶器,1/台,HL-0652,3,6,6,1
6.94244E+12,小白熊奶粉搅拌器,1/个,HL-0609,10,4,4,2
6.94753E+12,小白熊智能暖奶器,1/台,HL-0615,4,0,0,1
6.95141E+12,小白熊婴童理发器,1/个,HL-0688,4,2,2,6
6.95141E+12,小白熊奶嘴电子体温计,1/个,9228,5,6,6,3
6.95141E+12,小白熊易握学习碗/含吸盘,1/个,9058,5,4,4,1
6.95141E+12,小白熊研磨分隔碗勺组,1/套,9063,5,2,2,5
6.95141E+12,小白熊暖奶消毒器,1/个,HL-0809,4,2,2,7
6.95141E+12,小白熊研磨喂食勺,1/个,9053,4,5,5,3
6.95141E+12,小白熊四层便携奶粉盒,1/个,9187,4,11,11,17
72239003305,布朗博士标准奶瓶专用奶嘴流量3,3个/卡,330,5,11,11,6
7.9285E+11,小蜜蜂乳油木果欧蕾保湿润肤乳,340g/支,,5,0,0,1
7.9285E+11,小蜜蜂石榴保湿滋润护唇膏TUBE,4.25g/支,,5,4,4,1
6.94345E+12,蔓葆单面婴儿爬行垫/森林乐园▲,1/个,100527,3,4,4,2
6.94345E+12,蔓葆婴儿游泳脖圈通用（圆形）/M,1/个,100114,10,8,8,4
4.89703E+12,bobo安全晶透学饮杯,180ml/个,BB305C,6,0,0,8
4.89703E+12,bobo电子体温计,1/个,BQ238,,0,0,1
4.89703E+12,bobo食物研磨器,1/盒,BT420,4,4,4,2
4.89703E+12,bobo乐儿宝进口玻璃奶瓶250ml/中流量,250ml/个,BP525,8,0,0,1
4.89703E+12,bobo宝宝爱吃饭易握大碗,300ml/个,BD111A,,0,0,1
8.00858E+12,OKBABY巴迪洗澡躺椅/蓝色,1/个,OK3794-84,5,9,9,1
2.5E+12,OKBABY遮水头圈/浴帽/粉色,1/个,OK3829-36,6,7,7,3
2.5E+12,OKBABY遮水头圈/浴帽/黄色,1/个,OK3829-52,6,5,5,3
2.5E+12,OKBABY透明桃红色欧达巴新/澡盆,1/个,OK3823-99,,0,0,1
6.92152E+12,康贝婴儿柔纱大沐浴巾/蓝色贝贝熊▲,1/条,101001,6,0,0,1
4.97299E+12,康贝婴儿洗浴水勺,1/个,20395,10,17,17,1
6.92152E+12,康贝婴儿柔纱手帕/蓝色贝贝熊★▲,5条/包,100401,10,15,15,2
2.5E+12,康贝婴儿柔纱手帕/粉色贝贝熊▲,5条/包,100402,10,20,20,8
6.92152E+12,康贝婴幼儿宽口喝水训练杯3段/8月以上/新,1/个,6304,6,2,2,2
6.92152E+12,康贝婴幼儿训练杯吸管4段/9月以上/新,1/个,6309,6,4,4,6
4.89503E+12,康贝面条切刀调羹/杏仁红,1/把,31015,5,3,3,3
4.97299E+12,康贝婴幼儿牙刷/第三阶段,2把/包,114189,5,6,6,3
4.97299E+12,康贝婴幼儿牙刷/第二阶段,1/把,114188,,4,4,4
4.89503E+12,康贝辅助训练筷/香橙红,1/双,31017,3,2,2,1
6.92152E+12,康贝婴儿柔湿纸巾PIPI专用三联包★,3包/提,8119,25,63,63,40
6.92152E+12,康贝婴儿凡士林,45g/瓶,9011,8,2,2,2
6.92152E+12,康贝婴儿柑橘洗衣液补充装,600ml/袋,9084,4,11,11,9
6.92152E+12,康贝婴儿柑橘斑点去污剂,200ml/瓶,9056,5,7,7,1
6.92152E+12,康贝婴儿柑橘洗衣精,1200ml/瓶,9049,4,6,6,3
6.92152E+12,康贝幼儿专用立体口罩,5个/袋,8145,6,1,1,0
4.89503E+12,康贝围兜/甜橙红/英文版,1/个,31023,5,4,4,2
6.92152E+12,康贝婴儿柑橘柔衣精补充装,1000ml/袋,9052,5,4,4,2
6.92152E+12,康贝婴儿草本修润膏/洋甘菊修复皲裂,15g/盒,9105,,2,2,4
6.92152E+12,康贝婴儿特润滋养唇蜜/玫瑰花香,8ml/支,9087,,2,2,2
6.94848E+12,易简陶刀头静音理发器,1/个,HK288T,6,1,1,6
6.94848E+12,易简智能灵动陶瓷刀头理发器,1/个,HK65,6,1,1,2
71463044054,福喜儿叉和匙套装盒9月以上,1/套,4405,10,6,6,1
4.89513E+12,贝儿欣宝宝剪刀/白色,1/把,BS4133,10,7,7,2
4.89513E+12,贝儿欣标准口径恩美奶嘴升级版中流量/4-9月,1/个,BS4388,5,3,3,1
6.93566E+12,马博士腋下婴儿游泳圈S,1/个,600094,3,0,0,1
6.94381E+12,康庄非接触型额温枪,1/个,NT3,3,6,6,2
6.93452E+12,康庄降温贴50mm*110mm,4片/盒,,10,11,11,2
6.94465E+12,亲亲我营养咬咬乐6月以上,1/个,908912,6,13,13,3
6.94465E+12,亲亲我营养咬咬乐套装4月以上,1/个,908913,6,2,2,1
6.94465E+12,亲亲我和弦手摇铃0-18月,1/个,9268,6,3,3,0
6.93886E+12,枇芙科生肌玉合膏,30g/支,,10,18,18,38
6.93961E+12,美丽健婴儿牙擦S号/3岁以上,1/支,,8,10,10,1
8.7101E+12,新安怡十一安士单个装PES奶瓶,330ml/个,SCF666/17,5,1,1,2
8.7101E+12,新安怡安抚奶嘴/6-18月,1/个,SCF184/14,6,5,5,1
5.01291E+12,新安怡7安士无把魔术杯,200ml/个,SCF60011,4,5,5,1
5.01291E+12,新安怡可调速奶嘴/3月上,2个/盒,SCF63527,5,1,1,1
6.94727E+12,新安怡标口PP奶瓶8安士6月以上,240ml/个,SCF971/03,5,1,1,2
8.7101E+12,新安怡婴儿保湿润肤乳液,200ml/瓶,SCF50320,4,6,6,2
6.94727E+12,新安怡四安士标准口径流线型玻璃奶瓶/0M+,120ml/个,SCF995/01,4,6,6,1
6.9559E+12,小不点碗/粉色,1/个,X-BOW-5,5,3,3,0
6.94097E+12,小熊煮蛋器,1/个,ZDQ-205,6,2,2,1
9.31625E+12,咪咪婴儿天然生机护肤油,120ml/瓶,13151,10,6,6,1
9.31625E+12,咪咪婴儿天然生机润肤面霜,60g/瓶,13156,10,6,6,4
9.31625E+12,咪咪天然抗过敏婴儿防晒霜SPF15,60g/支,12118,10,5,5,3
9.31625E+12,咪咪天然抗过敏婴儿护臀霜,100g/支,12130,10,5,5,3
9.31625E+12,咪咪天然婴儿甘菊保湿露,150ml/瓶,12005,10,1,1,1
9.31625E+12,咪咪天然婴儿护肤油,120ml/瓶,12006,10,1,1,2
9.31625E+12,咪咪天然婴儿滋润爽肤液,125g/支,12013,10,4,4,1
9.31625E+12,咪咪天然婴儿滋润洗发露,200ml/瓶,12026,10,4,4,1
9.31625E+12,咪咪婴儿防晒霜SPF15,55g/支,11018,10,11,11,1
6.90738E+12,强生婴儿倍柔护肤柔湿纸巾,80片/盒,,15,21,21,0
6.90738E+12,强生婴儿舒眠爽身粉,140g/盒,,8,5,5,10
6.90738E+12,强生婴儿牛奶润肤霜,60g/瓶,,8,1,1,1
6.90738E+12,强生婴儿牛奶润肤皂,125g/个,,10,7,7,11
6.90738E+12,强生婴儿护臀霜,45g/支,,10,12,12,4
6.95698E+12,婴姿坊婴童防冻特润护肤霜,60g/支,B60-07,6,0,0,2
6.95698E+12,婴姿坊婴幼儿ㄠ牙膏/苹果味,30g/支,BF30-04,10,3,3,1
6.95698E+12,婴姿坊幼儿营养面霜/1-3岁,60g/支,B60-05,6,1,1,7
6.95698E+12,婴姿坊婴幼儿ㄠ牙膏/草莓味,30g/支,BF30-05,10,8,8,2
6.95698E+12,婴姿坊婴童防晒露0-16岁,30g/支,B30-01,6,9,9,3
6.94104E+12,婴姿坊婴儿植物尿湿粉,50g/盒,BS01-50,8,8,8,8
6.95698E+12,婴姿坊婴幼儿多效植物热痱粉,100g/盒,BS01-100,8,10,10,1
6.95698E+12,婴姿坊婴幼儿防疹护肤膏,10g/支,B10-02,8,4,4,1
8.80109E+12,B&B纤维洗涤剂/香草补充装,1.3kg/袋,BY04-07,5,14,14,14
8.80109E+12,B&B婴儿口腔清洁剂/凝胶型/草莓香,40g/支,BY08-07,5,1,1,2
4.10304E+12,施巴5.5婴儿泡泡沐浴露,200ml/瓶,,10,11,11,2
4.10304E+12,施巴婴儿洁肤浴露,400ml/瓶,,10,7,7,3
4.10304E+12,施巴5.5幼儿润肤乳,100ml/瓶,,10,10,10,3
4.10304E+12,施巴5.5清爽润肤露/妈妈用品,200ml/瓶,,10,5,5,1
4.10304E+12,施巴5.5儿童洗发露,250ml/瓶,,10,11,11,2
6.92E+12,郁美净鲜奶沐浴液,500g/瓶,,6,7,7,2
6.92091E+12,贝肤安湿疹膏,25g/支,,15,26,26,7
6.94529E+12,爱护婴儿抗菌洗衣液,1.2kg/瓶,CFB276,4,13,13,3
6.94529E+12,爱护婴儿抑菌洗衣液,500ml/袋,CF6-009,5,7,7,12
6.94529E+12,爱护婴儿多效洗衣液,1.5L/瓶,CF6-010,4,2,2,1
6.94529E+12,爱护婴儿手口湿纸巾/带盖,80片/包,CF6-020,15,12,12,3
6.94529E+12,爱护防晒乳,60g/个,CF6-033,6,8,8,1
6.9E+12,好娃娃实色大号浴盆/蓝色,1/个,102-1,5,6,6,3
8.80913E+12,丹碧宝婴童牙膏/草莓味/6颗牙以前,40ml/支,DB7544,5,6,6,1
8.80913E+12,丹碧宝婴童牙膏草莓味/12颗牙,75g/支,DB7315,5,2,2,1
6.94893E+12,黄色小鸭PP握把吸管标准奶瓶,140ml/个,330115,5,2,2,0
6.94893E+12,黄色小鸭学习型奶瓶握把/标准口径,1/个,330059,4,1,1,1
4.71363E+12,黄色小鸭弹跳保温/保冷水壶,420cc/个,830352,4,4,4,4
4.71363E+12,黄色小鸭幼儿牙刷,1/把,830098,8,7,7,1
4.71363E+12,黄色小鸭双色浴盆/黄色,1/个,830185Y,3,3,3,1
6.90005E+12,黄色小鸭双色浴盆/白色,1/个,830185W,3,0,0,1
6.90129E+12,六神宝宝汉草去痱精露,100ml/瓶,,6,10,10,2
6.90129E+12,六神宝宝舒痱沐浴露,200ml/瓶,,6,7,7,1
6.90129E+12,六神宝宝汉草型驱蚊花露水,160ml/瓶,,6,8,8,6
8.86074E+11,comotomo宽口流量3奶嘴/6月以上,2个/卡,NT3-CN,4,2,2,0
8.80928E+12,phyllPES组合奶瓶Y字孔,260ml/个,PH1637,4,1,1,1
8.80928E+12,phyll柔软奶嘴4阶段,2/个,,4,7,7,3
8.80928E+12,phyll PES组合2奶瓶,260ml/个,PH1422,,1,1,2
8.80928E+12,phyll PES组合4奶瓶,260ml/个,PH1446,,5,5,2
8.42642E+12,苏维妮仿生型硅胶安抚奶嘴4,1/个,3801225,,1,1,1
8.42642E+12,苏维妮圆头剪,1/个,3304014,,2,2,1
8.42642E+12,苏维妮蜜糖甜心安抚奶嘴0-6,1/个,3158768,,5,5,2
8.42642E+12,苏维妮蜜糖甜心二段冷却磨牙器,1/个,3162897,,0,0,2
8.42642E+12,苏维妮全硅胶Q弹餐勺,1/个,3162122,,1,1,2
6.9549E+12,藤之木皇室经典系列襟蛤6-12月浅灰,1/件,PA661-122F073,,1,1,0
6.9549E+12,藤之木皇室经典系列拆裤6-12月浅灰,1/条,PA993-122F073,,0,0,1
6.9549E+12,藤之木竹纤维纱布翼蛤3-6月米白,1/件,PA666-144M059,,1,1,1
6.93314E+12,童泰熊仔定型枕,1/个,3009,,0,0,6
6.93314E+12,童泰纱布喂奶巾22*22CM,3片/包,W10,,9,9,6
6.93314E+12,童泰毛圈喂奶巾,4片/包,W08,,10,10,1
6.93314E+12,童泰花边大围口水巾,1/个,17,,2,2,2
6.95419E+12,亨艺开阳放侧漏防水尿裤L/6月以上,1/条,KY-50,,0,0,4
6.95419E+12,亨艺开阳防侧漏防水尿裤S(0-3个月),1/条,KY-48,,4,4,5
6.95419E+12,亨艺开阳防侧漏防水尿裤M(3-6个月),1/条,KY-49,,0,0,5
6.95419E+12,亨艺开阳单面加厚防水尿垫70*100cm,1/个,KY-32,,4,4,1
6.95419E+12,亨艺开阳亨艺开阳兔耳围嘴,1/个,KY-68,10,22,22,9
6.95419E+12,亨艺开阳三角头巾(对装)69*43*43cm,2个/包,KY-74,10,9,9,2
6.95419E+12,亨艺开阳纯棉宝宝口罩10*14cm,2个/包,KY-123,10,16,16,4
6.93042E+12,亨艺开阳食饭衫均码/蓝色,1/件,A201,5,4,4,1
6.95419E+12,亨艺开阳简易防水罩衣/18-24月,1/件,A0120,,5,5,1
6.95645E+12,良良婴幼儿护型保健枕/0-3岁加长/米咖,1/个,LLA01-2C,4,20,20,4
6.94668E+12,良良苎麻保健袜/1~2岁,1/双,LLE02,10,15,15,2
6.94668E+12,良良袜/1~2岁/秋冬袜,1/双,LLE09,10,4,4,1
6.94668E+12,良良精纺竹纺袜/0-1岁,1/双,LLE05-1,10,9,9,1
6.94668E+12,良良生态竹纺袜1-2岁,1/双,LLE16,10,10,10,5
6.94656E+12,宝贝不哭高透气全纱布尿裤/XL,1/条,NK2401,5,3,3,20
6.94656E+12,宝贝不哭方便全棉防水尿裤/L,1/条,NK2302,10,5,5,3
6.94656E+12,宝贝不哭被式抱被,1/条,BB2001,,3,3,1
6.94656E+12,宝贝不哭床围,1/套,CW2001,,2,2,1
6.94656E+12,宝贝不哭专利纱布布尿布5片装,5片/包,NB2003,,0,0,0
6.94656E+12,宝贝不哭纯棉印花粘扣尿裤L,1条/包,NK2303,,0,0,1
6.94656E+12,宝贝不哭项圈全棉防水围嘴,1条/包,WZ2202,,3,3,2
6.94656E+12,宝贝不哭竖版食饭衫M,1件/包,ZY2204,,2,2,1
6.94656E+12,宝贝不哭竖版食饭衫L,1件/包,ZY2304,,1,1,1
6.9468E+12,贝彤婴幼儿竹纤维小方巾/3条装,3条/包,cb0549-15zx,4,18,18,1
6.9468E+12,睡王动物王国精梳棉长袖睡袋/长款,1/个,Cs0689-25yw,,1,1,0
6.9468E+12,睡王小企鹅顶球球天鹅绒长袖睡袋,1/个,cy0191,,1,1,1
6.9468E+12,睡王小鹿小鸡好伙伴珊瑚绒包巾/蓝色,1/个,CS0650-21bj,,2,2,2
6.9468E+12,睡王小鹿小鸡好伙伴珊瑚绒包巾/粉色,1/个,CS0651-22bj,,1,1,2
6.94354E+13,优安学步鞋/室内/XL白色/18-27月,1/双,ya9029-4,3,4,4,1
6.92783E+12,尼多熊对装暖绒宝宝袜0-6个月▲,2双/包,A915-0,10,12,12,0
6.92783E+12,尼多熊对装暖绒宝宝袜6-12个月▲,1/双,A915-1,10,8,8,2
6.92783E+12,尼多熊冬款毛圈袜903-0/0-6个月,2双/包,A903-0,,10,10,0
6.92783E+12,尼多熊冬款毛圈袜904-0/0-6个月,2双/包,A904-0,,8,8,3
6.9E+12,尼多熊秋款宝宝袜8005-2/1-3岁,2双/卡,A8005-2,,3,3,1
6.9E+12,尼多熊秋款宝宝袜8007-0/0-6月,1/双,A8007-0,,17,17,9
6.92783E+12,尼多熊秋款宝宝袜防滑点胶8007-1/6-12月,1/双,A8007-1,,20,20,4
6.92783E+12,尼多熊秋款宝宝袜8004-1/6-12月,1/双,A8004-1,,3,3,2
6.92783E+12,尼多熊秋款宝宝袜8012-2/1-3岁,1/双,A8012-2,,5,5,2
6.92783E+12,尼多熊冬款宝宝袜防滑点胶9059-1/6-12月,1/双,A9059-1,,19,19,6
6.9E+12,尼多熊冬款宝宝袜防滑点胶9059-2/1-3岁,1/双,A9059-2,,18,18,4
6.94865E+12,旦旦娃小方巾,2/条,,,20,20,3
6.9527E+12,贝亲防溢乳垫36片塑料袋装,36片/袋,QA27,5,1,1,1
4.97103E+12,三洋剖腹产专用腹带L 89-110cm★,1/条,SY5008（95074）,4,0,0,0
4.97103E+12,三洋产后专用加强型收腹带55-61cm/S★,1/条,95029,4,2,2,1
6.94611E+12,六甲村健康元气舒适小可爱白色/M,1/件,60043,5,1,1,1
6.94611E+12,六甲村吸奶器/简易型,1/个,60100,6,2,2,1
6.95823E+12,六甲村新加强型束腹带粉红L,1/条,60145,3,0,0,7
6.93806E+12,十月天使丝柔手足霜,80g/支,10013,6,6,6,2
6.93806E+12,十月天使防脱营养洗发乳,200g/瓶,10055,6,4,4,1
6.93806E+12,十月天使清爽柔顺洗发乳,200g/瓶,10065,6,5,5,2
6.95241E+12,十月天使海洋深层保湿面膜,30g*5+1片,10111,6,4,4,1
6.95241E+12,十月天使深层保湿凝露,50g/瓶,10020,6,4,4,1
6.95241E+12,十月天使深层保湿乳液,60g/瓶,10096,6,7,7,1
6.95241E+12,十月天使精纯滋养柔肤水,150ml/瓶,10075,6,6,6,1
6.92152E+12,康贝抱抱背带红色★,1/个,360002,2,2,2,4
6.94193E+12,妈咪秘密格调模杯孕妇文胸80B,1/件,289023,4,2,2,2
6.94193E+12,妈咪秘密格调前开无钢圈孕妇文胸80C,1/件,289024,4,5,5,1
6.94705E+12,贝莱康产妇卫生巾S,10片/包,BLK-0603,6,7,7,2
6.92814E+12,婷妃宽肩带条纹孕产文胸浅粉条/75B,1/件,A6053,4,0,0,1
6.92814E+12,婷妃宽肩带条纹孕产文胸浅蓝条/75B,1/件,A6053,4,3,3,1
6.92814E+12,婷妃透气全罩杯孕产文胸浅粉色/90B,1/件,TAW0915,4,2,2,1
6.95141E+12,小白熊微电脑变频电动吸奶器,1/台,HL-0683,2,1,1,2
6.94066E+12,好女人可调手动吸奶器,1/台,X-2103SB,4,0,0,2
6.94066E+12,好女人便携式自动吸奶器,1/台,HNR/X-2108Z,2,2,2,0
6.95375E+12,贝蓓乐好妈妈旅行袋/粉色,1/个,P5016,3,6,6,10
6.95375E+12,贝蓓乐好妈妈旅行袋/蓝色,1/个,P5015,3,5,5,5
6.9E+12,抱抱熊四合一背带/灰色,1/个,909,4,3,3,3
6.9E+12,抱抱熊四合一背带/橙色,1/个,909,4,5,5,1
6.90005E+12,抱抱熊四合一婴儿背带/咖啡色,1/个,904,4,0,0,2
6.9E+12,抱抱熊提篮胸围式学步带粉红色,1/个,600D,,6,6,5
6.95446E+12,雅滋美特美润深层保湿水,120ml/瓶,,,4,4,3
6.91081E+12,小龙哈彼便携式婴儿车7-36个月/蓝色,1/张,LD216EMK223,2,2,2,1
6.91081E+12,小龙哈彼多功能全实木婴儿床,1/张,LMY288-H452,1,2,2,3
6.9E+12,硕士椰棕床垫M,1/张,,2,1,1,3
6.9E+12,硕士实木餐椅,1/张,SK-328-2,1,4,4,1
6.90009E+12,硕士彩色木餐椅/塑料餐盘,1/张,SK328-2A,1,4,4,1
6.93099E+12,好娃娃音乐娱乐健身车,1/张,158-13-1,1,1,1,5
6.93099E+12,好娃娃闪光新方向盘扭扭车,1/张,158-16-3,1,2,2,4
6.93466E+12,妈咪宝贝瞬吸干爽纸尿裤NB30,30片/包,,6,3,3,3
6.93466E+12,妈咪宝贝瞬吸干爽纸尿裤男M162,162片/箱,,5,0,0,7
6.93466E+12,妈咪宝贝淘淘宝贝裤男XL15,15片/包,,6,10,10,9
6.93466E+12,妈咪宝贝淘淘宝贝裤女XL15,15片/包,,6,8,8,26
8.80117E+12,好奇环抱式纸尿裤M72★,72片/包,4692,6,42,42,20
8.80117E+12,好奇环抱式纸尿裤L60★,60片/包,4693,6,35,35,43
8.80117E+12,好奇环抱式纸尿裤XL50,50片/包,4694,6,27,27,41
6.92359E+12,好奇贴身舒适纸尿裤M128,128片/箱,,6,1,1,14
6.92359E+12,好奇贴身舒适纸尿裤L104,104片/箱,Mar-86,6,10,10,33
6.92359E+12,好奇贴身舒适纸尿裤XL84,84片/箱,,6,10,10,9
6.92359E+12,好奇干爽舒适纸尿裤XL52,52片/包,4792,6,5,5,11
6.92359E+12,好奇干爽舒适箱装L100,100片/箱,,,3,3,13
4.90201E+12,大王维生素E纸尿裤XL,42片/包,,6,20,20,51
4.90201E+12,大王维生素E纸尿裤L68★,68片/包,,6,22,22,77
4.90201E+12,大王维生素E纸尿裤M82★,82片/包,,3,87,87,106
4.90201E+12,大王日本同步短裤式纸尿裤XL男,36片/包,,3,3,3,1
6.90315E+12,帮宝适特级棉柔系列彩箱装M112,112片/箱,,4,16,16,3
6.90315E+12,帮宝适超薄干爽系列大彩箱装L112★,112片/箱,,5,10,10,38
6.90315E+12,帮宝适超薄干爽系列大彩箱装XL88,88片/箱,,5,19,19,36
6.90315E+12,帮宝适特级棉柔系列超大包装S102,102片/包,,5,10,10,13
4.9013E+12,花王纸尿裤/日本/M64,64片/包,,30,251,251,142
4.9013E+12,花王纸尿裤/日本/S82★,82片/包,,30,219,219,219
4.9013E+12,花王纸尿裤/日本/L54,54片/包,,30,281,281,591
4.9013E+12,花王拉拉裤/日本/L44,44片/包,,18,33,33,44
4.9013E+12,花王拉拉裤/日本/XL38★,38片/包,,18,27,27,77
6.94133E+12,雀氏超薄透气婴儿纸尿片XL24,24片/包,,6,1,1,5
3.76018E+12,葆艾金装婴幼儿纸尿裤S42,42片/包,,6,4,4,0
6.93846E+12,爹地宝贝双柔BB裤中包XL22,22片/包,,,8,8,0
6.9496E+12,贝舒乐柔韧抗拉系列L44,44片/包,,9,9,9,2
6.93949E+12,吉氏超级薄干爽婴儿纸尿片L50,50片/包,B223,6,13,13,0
6.92637E+12,茵茵超柔干爽系列纸尿裤XL,28片/包,2816,10,5,5,4
6.92637E+12,茵茵丝薄呵护尿片L32,32片/包,y38332,6,40,40,0
6.94155E+12,阳春纯羊奶利乐枕,12袋/提,,3,6,6,9
6.90459E+12,贝因美铁锌钙营养米粉6-18月,225g/盒,A01-01-02,10,8,8,5
6.90459E+12,贝因美乳清蛋白营养米粉6-18个月,225g/盒,爱+,10,4,4,1
6.90459E+12,贝因美什锦水果营养米粉6-18月,225g/盒,爱+,10,2,2,2
6.90459E+12,贝因美宝宝原味营养肉酥,115g/桶,,10,3,3,8
4.89703E+12,优臣婴幼儿牛肉番茄营养米粉,300g/桶,,6,9,9,1
4.0063E+12,特福芬有机牛奶苹果香草燕麦粉/6月以上,200g/盒,62905,10,9,9,5
4.0063E+12,特福芬有机牛奶香草米粉/4月以上,200g/盒,62903,10,14,14,19
4.0063E+12,特福芬有机纯糙米粉/4月以上,175g/盒,62900,8,14,14,11
4.0063E+12,特福芬粗麦粉/牛奶/香蕉/苹果/橙子/6月以上,200g/盒,62904,8,4,4,1
6.91788E+12,雀巢蔬菜米粉/6月以上,225g/盒,A01-02-02,10,17,17,0
6.91788E+12,雀巢鱼肉蔬菜米粉/6月以上,225g/盒,A01-02-02,10,15,15,7
6.91788E+12,雀巢蜂蜜麦粉/8月以上,225g/盒,A01-02-02,10,12,12,6
6.90421E+12,雀巢营养米粉/4月以上★,200g/袋,A01-02-02,10,0,0,23
6.91788E+12,雀巢钙铁锌营养米粉,225g/盒,,,13,13,1
6.91788E+12,嘉宝菠菜营养米粉2阶段,225g/桶,,6,1,1,18
6.91788E+12,嘉宝胡萝卜营养米粉1阶段,225g/桶,,6,2,2,14
6.91788E+12,嘉宝纯营养米粉1阶段★,225g/桶,,6,14,14,10
6.91788E+12,嘉宝缤纷水果营养米粉2阶段,225g/桶,,6,15,15,29
5.90045E+12,嘉宝西梅泥1段,80g/瓶,,12,19,19,6
5.90045E+12,嘉宝苹果泥1段,80g/瓶,,12,18,18,2
5.90045E+12,嘉宝苹果西梅泥2段,130g/瓶,,12,16,16,1
5.90045E+12,嘉宝三文鱼蔬菜泥2段,130g/瓶,,12,13,13,8
5.90045E+12,嘉宝纯梨汁,175ml/瓶,,12,11,11,7
6.90164E+12,亨氏婴儿营养米粉超值装★,400g/盒,,10,22,22,120
6.92196E+12,亨氏金装粒粒面-猪肝枸杞,320g/盒,,10,22,22,11
6.92196E+12,亨氏金装粒粒面-鳕鱼胡萝卜,320g/盒,,10,7,7,32
6.92196E+12,亨氏金装粒粒面-黑米紫薯,320g/盒,,10,6,6,15
6.92196E+12,亨氏金装智多多肉泥套餐8-24月以上,113g/套,,8,0,0,1
6.9E+12,亨氏强化维C果泥套餐A4-24月以上,113g/套,,8,2,2,3
6.92196E+12,亨氏乐维滋果汁泥苹果蓝莓,120g/袋,,12,34,34,29
6.92196E+12,亨氏乐维滋果汁泥苹果草莓,120g/袋,,12,27,27,19
6.92196E+12,亨氏乐维兹果汁泥苹果蓝莓紫胡萝卜紫薯,120g/袋,,12,12,12,15
6.93181E+12,味奇营养配方奶米粉/益生元4-36月,240g/盒,,6,0,0,0
6.92255E+12,每伴1段营养米粉,225g/盒,,10,15,15,2
6.92255E+12,每伴3段鱼肉DHA营养米粉,225g/盒,,10,12,12,3
6.92255E+12,每伴DHA核桃仁,325g/桶,,6,5,5,7
6.92255E+12,每伴膳食纤维金银花3段,325g/桶,,6,7,7,3
6.94571E+12,英氏护肠营养营养米粉1段/黑米红枣,225g/盒,,10,1,1,3
6.94571E+12,英氏有机玉米粗粮米粉1段/大米+小米,225g/盒,,10,4,4,1
6.94571E+12,英氏钙铁锌幼儿营养动物磨牙饼,75g/盒,,10,11,11,4
6.94571E+12,英氏胡萝卜幼儿营养磨牙棒,80g/盒,,10,16,16,1
6.94571E+12,英氏香菇鸡肉营养面,200g/盒,,6,2,2,0
6.94571E+12,英氏全机能营养饼干/草莓饼干,120g/盒,,8,15,15,4
6.94571E+12,英氏南瓜蔬菜小馒头,72g/盒,,8,21,21,1
6.94571E+12,英氏婴幼儿营养配方鸡肉酥,100g/桶,,8,4,4,2
6.92038E+12,伊威全机能肝粉,52.5g/盒,,10,8,8,1
6.92038E+12,伊威猪肝红枣营养米粉1阶段/初期-24个月,250g/盒,,10,11,11,2
6.92038E+12,伊威水果营养米粉1阶段/初期-24个月,250g/盒,,10,11,11,1
6.92038E+12,伊威鱼骨营养米粉2阶段/6-24个月,250g/盒,,10,11,11,3
6.92038E+12,伊威绿豆百合营养米粉1阶段/初期-24个月,250g/盒,,10,10,10,1
6.92038E+12,伊威纯营养米粉1阶段/初期-24个月,250g/盒,,10,44,44,3
6.92038E+12,伊威全机能营养杏仁饼干,150g/桶,,6,13,13,4
6.92038E+12,伊威全机能营养饼,50g/盒,,10,12,12,4
6.92038E+12,伊威高钙草莓磨牙棒,72g/盒,,10,30,30,3
6.92038E+12,伊威高钙荞麦磨牙棒,72g/盒,,10,0,0,3
6.92038E+12,伊威全机能动物饼干,100g/桶,,6,3,3,4
6.95046E+12,伊威无蔗糖全机能蔬菜饼干,100g/桶,,6,21,21,3
6.92038E+12,伊威多维全机能珍珠面,200g/盒,,10,24,24,4
6.92038E+12,伊威原味珍珠面,250g/盒,,10,16,16,5
6.92038E+12,伊威猪肝蔬菜蝴蝶面,200g/盒,,10,9,9,3
6.92038E+12,伊威牛肉番茄蝴蝶面,200g/盒,,10,15,15,2
6.92038E+12,伊威绿豆营养面,250g/盒,,10,0,0,2
6.92038E+12,伊威紫菜鸡蛋面,250g/盒,,10,15,15,1
6.92038E+12,伊威高钙营养蝴蝶面/6个月以上,200g/盒,,10,15,15,3
6.92038E+12,伊威DHA营养面/6个月以上,250g/盒,,10,33,33,5
6.92038E+12,伊威螺旋藻营养面/6个月以上,250g/盒,,10,7,7,1
6.92038E+12,伊威三文鱼营养面/6个月以上,250g/盒,,10,12,12,1
6.92038E+12,伊威纯肉松/5个月以上,100g/盒,,10,13,13,5
6.92038E+12,伊威果蔬肉松/5个月以上,100g/盒,,10,18,18,3
6.92038E+12,伊威海苔肉松/5个月以上,100g/盒,,10,13,13,4
6.92038E+12,伊威胡萝卜肉松/5个月以上,100g/盒,,10,2,2,2
6.92038E+12,伊威高钙肉松/5个月以上,100g/盒,,10,14,14,4
6.9384E+12,威尔顿初乳钙锌铁机能饼干6月上,100g/盒,,10,7,7,3
6.92079E+12,方广宝宝原味机能饼干6月以上,90g/盒,,10,2,2,2
6.92079E+12,方广AD钙高蛋白营养面6-24月,300g/盒,600103,10,9,9,4
6.92079E+12,方广牛肉蕃茄营养面6-36月,300g/盒,800103,10,8,8,4
6.92079E+12,方广猪肝蔬菜营养面6-36月,300g/盒,800104,10,11,11,6
6.92079E+12,方广金装鱼肉蔬菜蝴蝶面6-36月★,225g/盒,800107,10,10,10,3
6.92079E+12,方广鱼肉蔬菜营养面6月以上,300g/盒,900103,10,10,10,3
6.92079E+12,方广鸡肉蔬菜营养面9-48月,300g/盒,900104,10,8,8,12
6.92079E+12,方广宝宝营养核桃黑芝麻面6月以上★,280g/盒,,10,0,0,8
6.9423E+12,方广宝宝营养配方原味猪肉松/6月以上,100g/盒,700101,10,10,10,0
6.9423E+12,方广宝宝营养配方淡水桂鱼酥6月以上,100g/盒,700113,10,11,11,1
6.9423E+12,方广鸡肉营养肉酥6月以上,100g/盒,,10,12,12,3
6.92079E+12,方广开胃营养牛肉酥6月以上,100g/盒,,10,7,7,4
4.03124E+12,瑚玛娜香草/麦糁米粉,250g/盒,,,1,1,0
4.03124E+12,瑚玛娜香蕉米粉,250g/盒,,,1,1,1
6.92584E+12,怡氏禾然有机调味型酱油,160ml/瓶,,6,17,17,15
6.92584E+12,怡氏禾然有机原味型酱油,160ml/瓶,,6,4,4,4
6.90185E+12,格力高粒粒百奇牛奶蓝莓味饼干,45G/盒,,,0,0,4
6.95384E+12,爱利满多宝宝营养米饼/蔬菜,24片/盒,,,6,6,2
4.71116E+12,品味本铺特浓牛奶骨头饼,180g/桶,,,3,3,1
6.90459E+12,贝因美初生婴儿配方奶粉0-6个月★,405g/盒,,12,7,7,17
6.90459E+12,贝因美健儿成长奶粉12-36个月,405g/盒,,12,11,11,17
6.90459E+12,贝因美冠军宝贝宝宝成长配方奶粉2段,1kg/桶,,6,2,2,3
6.90459E+12,贝因美冠军宝贝健儿成长配方奶粉3段,1kg/桶,,6,1,1,0
6.91788E+12,雀巢能恩金盾较大婴儿奶粉2阶段,900g/桶,,6,16,16,11
6.91788E+12,雀巢能恩金盾婴儿奶粉1阶段,900g/桶,,6,9,9,16
7.61303E+12,雀巢AL110腹泻婴幼儿无乳糖营养配方粉,400g/桶,,6,2,2,7
7.61303E+12,雀巢能恩超级金盾奶粉2段6-18,800g/桶,,6,31,31,13
3.00087E+11,惠氏爱儿素婴儿配方豆粉1段,400g/桶,,12,9,9,14
6.94976E+12,惠氏金装健儿乐奶粉2段/3连进口奶源★,1.2kg/盒,,12,16,16,58
3.00089E+11,惠氏金装爱儿乐婴儿配方奶粉1段,400g/桶,,6,6,6,3
3.00089E+11,惠氏金装爱儿乐奶粉1段三联装★,1.2kg/盒,,8,20,20,80
6.94976E+12,惠氏金装幼儿乐3段奶粉,1.6kg/桶,,6,5,5,15
3.00087E+11,惠氏启赋婴儿配方奶粉1段0-12月★,900g/桶,,12,73,73,62
8.7162E+12,美素佳儿美素乐金装较大婴儿奶粉2阶段★,900g/桶,,24,73,73,12
8.71812E+12,多美滋金装金盾贝护无乳糖配方粉1段/0-12月,400g/桶,A01-01-04,6,4,4,4
6.90859E+12,多美滋金装优阶幼儿配方奶粉1-3岁★,400g/盒,,15,33,33,114
6.90859E+12,多美滋金装优阶儿童配方奶粉3岁以上,400g/盒,,15,12,12,11
6.90859E+12,多美滋金装优阶幼儿配方奶粉1-3岁★,1000g/桶,,18,10,10,27
6.91646E+12,美赞臣新品安婴儿A+无乳糖奶粉,400g/桶,A01-02-01,6,11,11,7
6.91646E+12,美赞臣安婴儿A+婴儿奶粉/0-12月★,900g/桶,,24,31,31,58
6.91646E+12,美赞臣安婴儿A+婴儿奶粉/0-12月★,400g/盒,,30,45,45,26
6.91646E+12,美赞臣安婴儿A+奶粉/0-12月/三联装★,1200g/盒,,24,117,117,264
9.33374E+12,澳优能力多有机较大婴儿奶粉6-12月,800g/桶,A01-03-03,12,7,7,0
3.76017E+12,合生元超级金装婴儿奶粉1段/0-12个月,900g/桶,N01-01-02,12,27,27,27
3.76017E+12,合生元超级金装较大婴儿奶粉2段★,900g/桶,N01-01-03,12,13,13,72
3.76018E+12,合生元超级金装幼儿配方奶粉3段★,900g/桶,N01-01-04,12,44,44,30
3.76018E+12,合生元呵护幼儿奶粉3段★,900g/桶,N01-01-09,12,15,15,30
8.80112E+12,金典名作4段12个月以上,800g/桶,N01-01-11,6,9,9,1
6.9223E+12,圣元优博1段初生婴儿奶粉★,900g/桶,N01-01-12,6,8,8,3
5.00022E+12,亨氏超金学儿高幼儿奶粉12-36月,400g/盒,N01-01-15,12,8,8,12
9.30064E+12,迈高能速达金装婴儿配方奶粉1阶段,800g/桶,N01-01-16,6,1,1,2
4.0063E+12,特福芬有机婴儿奶粉/1段★,600g/盒,N01-01-17,12,55,55,43
4.0063E+12,特福芬有机较大婴儿奶粉/2段★,600g/盒,N01-01-17,12,6,6,61
4.89703E+12,IEQ超金装较大婴儿配方羊奶粉2段,400g/桶,,6,9,9,3
9.4219E+12,新怡金装婴儿配方奶粉0-6月,400g/桶,,6,2,2,1
5.00038E+12,英国原装进口牛栏奶粉1段/0-12月,900g/桶,,,2,2,11
5.00038E+12,英国原装进口牛栏奶粉1+段/1-2岁,900g/桶,,,9,9,1
6.92795E+12,智灵通乳酸钙冲剂,1/盒,,10,12,12,5
6.92795E+12,智灵通乳酸钙冲剂,1/桶,,8,3,3,20
4.89702E+12,金奇仕婴幼儿鳕鱼肝油6-12月,60粒/盒,,10,2,2,10
4.89702E+12,金奇仕DHA藻油软胶囊/婴幼儿适用,60粒/盒,,5,10,10,3
6.94671E+12,合生元儿童益生菌咀嚼片3岁以上/奶味,30片/盒,,10,12,12,4
6.92804E+12,福禄纳冷榨核桃油婴幼儿装,250ml/瓶,,10,1,1,2
6.92804E+12,福禄纳婴儿核桃油,80ml/瓶,,10,11,11,2
6.95014E+12,多补达纤维0-3岁婴幼儿十条装,25g/盒,D003,6,5,5,7
4.89703E+12,优臣螯合铁复合营养素,30袋/桶,,6,0,0,1
6.95046E+12,伊威高铁无水葡萄糖,400g/桶,,6,12,12,0
5.69055E+12,丽喜金枪鱼鳕鱼肝油胶囊,60粒/盒,,8,8,8,11
5.69055E+12,丽喜鲨鱼肝油胶囊型,30粒/盒,,8,2,2,1
6.94666E+12,雷氏催乳汤,130g/盒,,6,6,6,4
6.94666E+12,雷氏月子调理汤,190g/盒,,6,2,2,5
6.9427E+12,古之极野生有机核桃油婴幼儿专用,250ml/瓶,,6,6,6,1
9.4219E+12,爱必达金装鳕鱼肝油软胶囊,60粒/桶,,,6,6,1
6.91031E+12,成长快乐牌乳钙Q片,50粒/盒,,6,2,2,1
6.92496E+12,养生堂天然维生素E.C祛斑焕白套装,1/套,,6,4,4,1
7.5688E+11,爱维滴维生素D3滴剂,22.5ml/瓶,,6,1,1,0
6.94571E+12,英氏盒装山楂配方3维清火宝√,168g/盒,,6,5,5,1
6.94571E+12,英氏畅清宁金银花清火宝,168g/盒,,6,3,3,4
8.54559E+11,拉菲琦DHA乳钙软胶囊0-12个月,30粒/盒,,6,9,9,15
8.54559E+11,拉菲琦乳钙软胶囊0-12个月,30粒/盒,,6,21,21,5
6.93181E+12,味奇幼儿清伙灵1-3岁,280g/盒,,10,8,8,4
6.90459E+12,贝因美奶伴葡萄糖6-36个月,500G/桶,,6,5,5,1
6.92255E+12,每伴经典婴儿清清宝1-12月,150g/盒,,10,11,11,14
6.92255E+12,每伴优+幼儿好喂宝1-6岁,160g/盒,,10,13,13,1
6.92255E+12,每伴优+婴儿清清宝1-12月,150g/盒,,10,18,18,18
6.92255E+12,每伴优+幼儿清清宝12-36月,160g/盒,,10,15,15,21
6.92255E+12,每伴金品婴儿清清宝1-12月,150g/盒,,10,10,10,11
6.92255E+12,每伴金品幼儿清清宝12-36月,160g/盒,,10,7,7,5
6.92255E+12,每伴优+婴儿清清宝1-12月/香橙味,150g/盒,,10,13,13,17
6.92255E+12,每伴优+幼儿清清宝12-36月/香橙味,160g/盒,,10,10,10,16
6.92255E+12,每伴优+婴儿清清宝1-12月/西柚味,150g/盒,,10,16,16,5
6.92255E+12,每伴优+幼儿清清宝12-36月/西柚味,160g/盒,,10,12,12,4
6.92255E+12,每伴优+清清宝1-12月/草莓味,150g/盒,,10,15,15,1
6.92255E+12,每伴优+清清宝12-36月/草莓味,150g/盒,,10,7,7,12
9.4219E+12,纽瑞滋乳钙+亚麻油软胶囊/30粒,30粒/盒,,6,1,1,3
6.90171E+12,三精牌葡萄糖酸锌/小盒,120ml/盒,,6,8,8,1
6.9381E+12,三精盖宜生牌葡萄糖酸钙/小盒,120ml/盒,,6,8,8,2
2.90008E+12,帮宝适12片装湿巾,12片/包,,10,63,63,77
2.90008E+12,尼多熊宝宝袜6-12个月★,1/双,A8004-1,10,69,69,28
2.90008E+12,亲亲我360°奶瓶刷,1/个,909003,10,0,0,9
2.90008E+12,澳贝美味蛋糕店,1/个,463434,10,0,0,10
2.90008E+12,澳贝新鲜水果店,1/个,463435,5,11,11,12
2.90008E+12,贝亲食物研磨器,1/个,DA07,2,6,6,10
2.90008E+12,力米特点读板,1/个,,2,14,14,0
2.90008E+12,爱丽儿舒适型铝合金伞车,1/张,,,7,7,11
2.90008E+12,小熊电炖盅,1/台,DDZ-104,,0,0,3
3.90002E+12,丹妮奇特精品荷木70PCS桶装积木,1/桶,CDN-1158,10,25,25,24
3.90002E+12,亨艺开阳超薄防水尿垫 70X100CM,1/个,KY-28,5,3,3,6
3.90002E+12,亨艺开阳保暖四季被100*100cm,1/个,KY-136,4,6,6,11
3.90002E+12,皇子滑行车/笑脸,1/个,538,5,12,12,16
3.90002E+12,丹妮奇特“金钥匙”九功能智慧大组合,1/个,CND-8678,5,10,10,6
3.90002E+12,bobo卡通保温水壶/橙色,360ml/个,BBL313-0,5,2,2,1
3.90002E+12,bobo卡通保温水壶/粉色,360ml/个,BBL313-P,5,1,1,1
3.90002E+12,丹妮奇特卡通小绕珠/小人,1/个,CDN-368,5,5,5,6
6.93099E+12,好娃娃婴儿脸盆,1/个,105-1-1,5,40,40,8
3.90002E+12,丹妮奇特卡通小绕珠/长颈鹿,1/个,CDN-368,5,5,5,11
3.90002E+12,琪贝斯免刷洗奶瓶清洁液,250ml/瓶,KB-48120,10,11,11,6
4.90003E+12,新安怡PP奶瓶,260ml/个,SCF68317,,2,2,5
4.90003E+12,小龙哈彼自行车/红色,1/张,LB1230QXJ202,4,8,8,0
4.90003E+12,舒香棉床上四件套,1/套,YYM-012,2,1,1,1
4.90003E+12,碧宝1岁蹒跚宝宝专用三轮车,1/张,476405,,0,0,9
1.90008E+12,碧宝附带收藏室的两层宝宝游乐小屋,1/个,,,1,1,1
6.9E+12,澳贝太阳牙胶3月以上,1/个,463153,4,0,0,3
6.9426E+12,谷雨旋旋乐健身架3-12月以上,1/个,gy6920,3,6,6,1
6.94773E+12,费雪可爱动物便携迷你床铃,1/套,R9681,3,5,5,1
6.94773E+12,费雪奇趣动物摇铃,1/个,P7867,,0,0,0
4.90345E+12,皇室轨道滚球积木/小,1/个,TR3485,4,3,3,0
4.90345E+12,皇室小厨师系列爱心便当/3岁以上,1/套,TR754,5,5,5,2
4.90345E+12,皇室小厨师系列意大利套餐组/3岁以上,1/套,TR751,5,3,3,1
4.90345E+12,皇室小厨师系列甜点组/3岁以上,1/套,TR752,5,4,4,3
4.90345E+12,皇室欢乐洗澡组/蓝,1/个,TR7213,5,5,5,0
4.90345E+12,皇室小猫转轮摇铃/6月以上,1/个,TR3331,4,5,5,1
4.90345E+12,kids royal小鸭沐浴球,1/个,TR7176-s,6,5,5,1
4.90345E+12,kids royal鲸鱼沐浴球▲,1/个,TR7178-s,6,7,7,1
6.93382E+12,乐婴小宝贝音乐健身架,1/个,838-7,2,3,3,2
6.93382E+12,乐婴小宝贝彩色学习板★,1/个,838aa-3,10,7,7,2
6.94009E+12,中山壹百分米奇造型缤纷桶装彩泥,18条/桶,DS-1655,6,7,7,2
6.9E+12,伊诗比蒂新款BIBI棒/小牛★,1/个,BT-2047,6,11,11,3
6.9E+12,伊诗比蒂新款BIBI棒/狮子,1/个,BT-2048,6,2,2,0
6.93135E+12,伊诗比蒂海绵积木/九厘米6件装6月以上★,1/套,BT-3005,4,4,4,4
6.93135E+12,伊诗比蒂海绵积木/七厘米6件装6月以上★,1/套,BT-3006,4,2,2,1
6.93643E+12,LALA彩虹鱼牙胶,1/个,2009-D0002,6,2,2,3
6.93643E+12,LALA蜗牛拉震,1/个,2009-D0003,6,1,1,2
6.93643E+12,LALA小兔摇棒,1/个,2009-D0004,6,4,4,1
6.93643E+12,LALA咯咯鸡手摇,1/个,2009-D0010,6,4,4,1
6.93643E+12,LALA蜜蜂花拉震,1/个,2009-D0023,6,0,0,1
6.93643E+12,LALA老虎不倒翁,1/个,2009-D0035,6,4,4,2
6.95487E+12,英纷小乌龟摇铃,1/个,0606-NL,5,4,4,1
6.94345E+12,蔓葆乐扣垫/开心农场,6片/包,713185,,1,1,2
6.94345E+12,蔓葆乐扣垫/海底世界,6片/包,101951,,1,1,1
6.93643E+12,LALA布书认识数字/0-36月,1/本,2008-B0014,7,3,3,4
6.93643E+12,LALA布书常见食物/0-36月,1/本,2008-B0011,7,3,3,1
6.93643E+12,LALA布书认识形状/0-36月,1/本,2008-B0015,7,2,2,2
9.78751E+12,全世界孩子都爱玩的700个益智游戏,1/本,,8,4,4,2
6.9E+12,伊诗比蒂形状小布书,1/本,BT-3107,8,7,7,2
6.9E+12,伊诗比蒂动物小布书,1/本,BT-3112,8,9,9,1
9.78781E+12,学做宝宝辅食√,1/本,,6,9,9,5
9.78755E+12,孩子不睡不睡就不睡！妈妈怎么办,1/本,,8,2,2,1
9.78755E+12,这样表扬，孩子进步快,1/本,,8,6,6,3
9.78755E+12,孩子动不动就哭闹妈妈怎么办,1/本,,8,6,6,3
9.78712E+12,宝宝饮食百科√,1/本,,8,4,4,5
9.78781E+12,小海豚早教圈圈书/童谣√,1/本,,8,10,10,5
9.78751E+12,好妈妈胜过好老师,1/本,,12,13,13,1
9.78781E+12,小海豚早教圈圈书/唐诗√,1/本,,8,10,10,3
6.9E+12,小海豚早教圈圈书/寓言故事√,1/本,,10,10,10,3
9.78754E+12,学会爱自己√,3册/套,,8,8,8,1
9.7878E+12,宝宝辅食添加与营养配餐√,1/本,,6,3,3,19
9.78754E+12,顽皮龙启蒙洗澡书/花卉树木,1/本,,4,4,4,0
9.78754E+12,顽皮龙启蒙洗澡书/交通工具,1/本,,4,1,1,2
9.78754E+12,小巫教你讲故事,1/本,,,1,1,1
9.78754E+12,郑玉巧育儿经/幼儿卷,1/本,,10,12,12,3
9.78754E+12,父母是孩子最好的医生,1/本,,10,9,9,2
9.78754E+12,宝宝视觉激发黑白卡2/0-12月√,1/本,,15,19,19,3
9.78754E+12,小小孩认物1√,1/本,,15,6,6,3
9.78754E+12,早教卡0岁√,40页/盒,,5,7,7,8
9.78754E+12,早教卡1岁√,40页/盒,,5,5,5,5
9.78754E+12,小小孩婴儿卡√,1/本,,5,4,4,6
